{"Gold":90,"Speed":14.0,"BreakRate":0.7999999523162842,"DecayRate":9.800000190734864}